BufferSize,WriteTimeSeconds
16,12.385848
256,1.616598
4096,0.346805
8192,0.318119
16384,0.203236
32768,0.126641
65536,0.105942
131072,0.080566
262144,0.078068
524288,0.105961
1048576,0.048652
16,5.852497
256,0.436615
4096,0.182637
8192,0.167744
16384,0.164283
32768,0.161409
65536,0.164792
131072,0.162707
262144,0.163042
524288,0.167570
1048576,0.168152
