BufferSize,WriteTimeSeconds,ReadTimeSeconds
16,12.791381,5.903365
256,1.501961,0.459195
1024,0.565215,0.259736
4096,0.367558,0.188916
32768,0.114572,0.163751
65536,0.108207,0.161207
262144,0.068607,0.160587
524288,0.110448,0.167472
1048576,0.144466,0.163523
5242880,0.116888,0.172839
